{"loss": [1.607988953590393, 1.15353262424469, 0.9244112968444824, 0.7470235228538513, 0.570824921131134, 0.4708598554134369, 0.33384162187576294, 0.2546730935573578, 0.19579210877418518, 0.15271113812923431, 0.13021007180213928, 0.094472236931324, 0.1052606850862503, 0.08083586394786835, 0.07220879942178726, 0.05298013985157013, 0.04723290726542473, 0.06800254434347153, 0.05317201092839241, 0.056807298213243484, 0.061560746282339096, 0.045760516077280045, 0.04235394299030304, 0.05000440031290054, 0.04477492719888687, 0.03232486546039581, 0.034357741475105286, 0.0413203127682209, 0.03281201422214508, 0.03177538141608238, 0.07125072181224823, 0.024638338014483452, 0.028458021581172943, 0.03176730126142502, 0.039362385869026184, 0.03427799046039581, 0.021606601774692535, 0.013146557845175266, 0.030525950714945793, 0.060689233243465424, 0.0195448137819767, 0.01452714204788208, 0.017073461785912514, 0.024161510169506073, 0.04139992222189903, 0.012541470117866993, 0.03103412687778473, 0.03452888876199722, 0.03140401840209961, 0.055728357285261154], "accuracy": [0.43641018867492676, 0.5847064256668091, 0.6744520664215088, 0.7408414483070374, 0.8061110377311707, 0.8433850407600403, 0.8937770128250122, 0.9160134196281433, 0.9347304701805115, 0.9481682777404785, 0.9558470845222473, 0.9692848920822144, 0.9667253494262695, 0.974884033203125, 0.9755238890647888, 0.9838426113128662, 0.9852823615074158, 0.9795233011245728, 0.9843224883079529, 0.9824028015136719, 0.9803231358528137, 0.9862421751022339, 0.9876819849014282, 0.9836826324462891, 0.9868820905685425, 0.9913613796234131, 0.9897616505622864, 0.9868820905685425, 0.9907214641571045, 0.9894416928291321, 0.9784034490585327, 0.9928011298179626, 0.9905614852905273, 0.9888017773628235, 0.9900816082954407, 0.9884818196296692, 0.9936010241508484, 0.9960006475448608, 0.9907214641571045, 0.9836826324462891, 0.9947208166122437, 0.9964805841445923, 0.9948807954788208, 0.9952007532119751, 0.9889617562294006, 0.9956806898117065, 0.9912014007568359, 0.9876819849014282, 0.9910414218902588, 0.9835226535797119], "val_loss": [1.4230817556381226, 1.0595943927764893, 0.9871118068695068, 0.620736300945282, 0.5718390941619873, 0.7354285717010498, 0.44537633657455444, 0.4904816448688507, 0.4194168150424957, 0.45400986075401306, 0.424028605222702, 0.47333747148513794, 0.4797874689102173, 0.5642048716545105, 0.43484923243522644, 0.4204576313495636, 0.4866666793823242, 0.37958115339279175, 0.44225990772247314, 0.6015840768814087, 0.6261407136917114, 0.4967325031757355, 0.5230076313018799, 0.473275363445282, 0.47314688563346863, 0.5303291082382202, 0.49759939312934875, 0.593431830406189, 0.6584960222244263, 0.5199552774429321, 0.5687177181243896, 0.49261438846588135, 0.687061071395874, 0.5726187229156494, 0.5360899567604065, 0.549182116985321, 0.4611990451812744, 0.5556362867355347, 0.6655203104019165, 0.5194032192230225, 0.4863393008708954, 0.48625046014785767, 0.6550695896148682, 0.7999232411384583, 0.651641309261322, 0.6570838093757629, 0.7244827151298523, 0.5636875629425049, 0.5977463126182556, 0.5891234874725342], "val_accuracy": [0.5009596943855286, 0.6206014156341553, 0.632117748260498, 0.7991042733192444, 0.8119001984596252, 0.7696737051010132, 0.8522073030471802, 0.8426103591918945, 0.8707613348960876, 0.8809980750083923, 0.8809980750083923, 0.8630838394165039, 0.8733205199241638, 0.8560460805892944, 0.8957133889198303, 0.9014715552330017, 0.8822776675224304, 0.9155470132827759, 0.891234815120697, 0.875239908695221, 0.8739603161811829, 0.8937940001487732, 0.8835572600364685, 0.9008317589759827, 0.8873960375785828, 0.8880358338356018, 0.9033909440040588, 0.8816378712654114, 0.8726807236671448, 0.9021113514900208, 0.8918746113777161, 0.8931542038917542, 0.8701215386390686, 0.8886756300926208, 0.8790786862373352, 0.9027511477470398, 0.9072296619415283, 0.8963531851768494, 0.8809980750083923, 0.8899552226066589, 0.9053102731704712, 0.9110684394836426, 0.8937940001487732, 0.8579654693603516, 0.8835572600364685, 0.890595018863678, 0.8726807236671448, 0.8937940001487732, 0.8969929814338684, 0.8873960375785828]}